,Loan_ID,Pred_Loan_Status,Loan_Amount_Term,Pred_Loan_Amount_Term,LoanAmount,Pred_LoanAmount
173,LP001979,N,180.0,204.5881060185506,159.0,117.75505804508168
354,LP002921,N,180.0,198.633553271923,158.0,126.19641255846156
